+Lupulus,spain,0,8/12,5.4,2007,blond
+Malta,spain,0,9,5.1,2007,amber
+Negra,spain,0,0,0,0,0
10 Commandments,usa,0,0,0,0,0
12 Gauge,new_zealand,0,4 / 7,6.5,2008,blond
1488 Whisky Beer,scotland,0,0,0,0,0
1612er Zwicklbier,germany,0,7 / 8,5.3,1612,amber
3 Fonteinen Oude Gueuze Vintage,belgium,0,0,0,0,0
3 Fonteinen Oude Kriek,belgium,0,0,0,0,0
3 Monts,france,0,10,8.5,1984,blond
3 Ravens White,australia,0,0,0,0,0
5 Barrel Pale Ale,usa,0,7,5.2,1994,amber
6-Korn Bier,germany,0,8 / 10,4.7,2003,amber
90 Minute Imperial IPA,usa,0,10,9,2001,blond
90 Shilling,usa,0,13,5.6,1989,amber
A. Le Coq Porter,estonia,0,0,0,0,0
Aardmonnik,belgium,0,12,8,2006,amber
Abbaye D’Aulne Triple Blonde,belgium,0,8,9,2000,blond
Abbaye des Rocs,belgium,0,13,9,1979,amber
ABC Extra Stout,singapore,0,0,0,0,0
Achel Blond 8°,belgium,0,10 / 14,8,2001,blond
Achel Bruin Bier Extra,belgium,0,8/10,9.5,2002,amber
Adam,usa,0,0,0,0,0
Adelscott,france,0,9,6,1982,amber
Adnams Broadside,england,0,10/12,6.3,1972,amber
Adnams The Bitter,england,0,10/13,4.5,1960,amber
Advents-Bier,germany,0,6 / 8,5.4,1998,blond
Aecht Schlenkerla Rauchbier,germany,0,7/8,5.2,1678,amber
Alaskan Amber,usa,0,9,5.3,1986,amber
Alaskan ESB,usa,0,10,5,1989,amber
Alaskan Smoked Porter,usa,0,0,0,0,0
Aldaris Porteris,latvia,0,0,0,0,0
AleSmith IPA,usa,0,13,7.25,1999,amber
Alhambra Negra,spain,0,0,0,0,0
Allagash Tripel Reserve,usa,0,10 / 16,9,1998,blond
Alpha Dog,usa,0,7,8,2008,amber
Alpha King,usa,0,4,6,1996,amber
Alpha Pale Ale,australia,0,4,5.2,1999,blond
Altbayrisch Dunkel,germany,0,8/10,5,ca. 1750,amber
Altenburger Schwarze,germany,0,0,0,0,0
Amager IPA,denmark,0,5/8,7,2009,amber
Amber Shock,italy,0,6/8,7,1996,amber
Amnesiac Double IPA,canada,0,10,8.5,2004,blond
Anchor Porter,usa,0,0,0,0,0
Anchor Steam Beer,usa,0,7,4.9,1896,amber
Andechs Doppelbock Dunkel,germany,0,0,0,0,0
Andechser Weissbier Hell,germany,0,0,0,0,0
Angel’s Share Ale,usa,0,0,0,0,0
Angry Boy Brown Ale,japan,0,8/12,6.2,2001,amber
Anniversary Ale,usa,0,0,0,0,0
Antares Stout Imperial,argentina,0,0,0,0,0
Arabier,belgium,0,10,8,ca. 1985,blond
Arctic Global Warmer,england,0,0,0,0,0
Ardenne Blond,norway,0,6 / 8,7.5,2005,blond
Arrogant Bastard Ale,usa,0,13,7.2,1997,amber
Artigian Ale,italy,0,10/12,6.2,2002,amber
Asahi Black,japan,0,0,0,0,0
Asgaard Das Gottliche,germany,0,8,4.8,1994,amber
Augustiner Lagerbier Hell,germany,0,8,5.2,ca. século 19,blond
Autumnal Fire,usa,0,9/11,7.3,1997,amber
Avatar Jasmine IPA,usa,0,6 / 9,6.3,2005,blond
Aventinus,germany,0,0,0,0,0
Aventinus Weizen-Eisbock,germany,0,0,0,0,0
Ayinger Ur-Weisse,germany,0,0,0,0,0
Back Door Bitter,italy,0,10/15,4.8,2006,amber
Baden Baden 1999,brazil,0,8,5.2,2004,amber
Baden Baden Stout,brazil,0,0,0,0,0
Baffo d’Oro,italy,0,3 / 5,4.8,ca. 2006,blond
Baltika 4,russia,0,9,5.6,1992,amber
Baltika 6,russia,0,0,0,0,0
Bam Biere,usa,0,0,0,0,0
Bamberg Rauchbier,brazil,0,0,0,0,0
Bard’s The Original Sorghum Malt Beer,usa,0,0,0,0,0
Barni Dunkel,switzerland,0,0,0,0,0
Barnsley Bitter,england,0,10/12,3.8,2003,amber
Barre Alt,germany,0,6/8,4.8,1962,amber
Bastarda Doppia,italy,0,0,0,0,0
Batemans Triple XB,england,0,11,4.8,1979,amber
Batemans Victory Ale,england,0,12,6,1987,amber
BB10,italy,0,0,0,0,0
Bee’s Organic Ale,england,0,0,0,0,0
Beerlao,laos,0,4,5,1973,blond
Beerlao Dark Lager,laos,0,0,0,0,0
Beersel Lager,belgium,0,8,5.2,2005,blond
Bel Pils,belgium,0,5 / 6,5,1930,blond
Bell’s Amber Ale,usa,0,4/6,5.8,1985,amber
Bell’s Cherry Stout,usa,0,0,0,0,0
Benedictus,england,0,14,8.4,2000,blond
Bercloux Biere Stout,france,0,0,0,0,0
Berliner Kindl Weisse,germany,0,0,0,0,0
Bernard Celebration,czech_republic,0,7,5,1995,amber
Bernard Dark,czech_republic,0,0,0,0,0
Bibock,italy,0,8/10,6.2,1997,amber
Bier-Bienne,switzerland,0,10,5.2,2006,amber
Biere Cognac,france,0,0,0,0,0
Biere de Brie Ambree,france,0,8/10,7.5,2001,amber
Biere des Naufrageurs Miel,france,0,0,0,0,0
Big Daddy,usa,0,10,6.5,1998,blond
Big Hoppy Monster,usa,0,10,8.75,2004,amber
Big John Special Reserve,new_zealand,0,4/5,6.5,2001,amber
Big Swede,usa,0,0,0,0,0
Bikini Blonde Lager,usa,0,7,4.5,2006,blond
Bintang,indonesia,0,4,4.8,1930,blond
Bio-Dinkel Weisse,germany,0,0,0,0,0
Biolegere,belgium,0,10,3.5,1992,blond
Birra Dolomiti Doppio Malto,italy,0,8 / 10,6.7,2008,blond
Bischofshof Zoigl,germany,0,8,5.1,ca. século 17,amber
Bishops Finger,england,0,9/11,5.4,1958,amber
Bitburger Premium Beer,germany,0,5,4.8,1909,blond
Bitch Creek ESB,usa,0,13,5.5,1989,amber
Bitter & Twisted,scotland,0,12,4.2,1998,blond
Bittersweet Lenny’s RIPA,usa,0,10,10,2006,amber
Black,belgium,0,0,0,0,0
Black Adder,england,0,0,0,0,0
Black Albert,belgium,0,0,0,0,0
Black Bavarian,usa,0,0,0,0,0
Black Butte Porter,usa,0,0,0,0,0
Black Chocolate Stout,usa,0,0,0,0,0
Black Forest,usa,0,0,0,0,0
Black Gold Bourbon Imperial Stout,usa,0,0,0,0,0
Black Hawk Stout,usa,0,0,0,0,0
Black Oak Nut Brown Ale,canada,0,8,5,2000,amber
Black Sand Porter,usa,0,0,0,0,0
Black Sheep Best Bitter,england,0,11,3.8,1992,amber
Black Wattle Original Ale,australia,0,6,5.8,12005,amber
Blanche de Chambly,canada,0,0,0,0,0
Blanche de Saisis,belgium,0,0,0,0,0
Blanche des Honnelles,belgium,0,0,0,0,0
Blandford Fly,england,0,0,0,0,0
Blonde Doppelbock,usa,0,9/11,7.8,1994,blond
Blue Moon,usa,0,0,0,0,0
Bluetongue Traditional Pilsner,australia,0,3/4,5.8,2006,blond
Bock Damm,spain,0,0,0,0,0
Bohemia Regent Prezident,czech_republic,0,7,6,2000,blond
Bohemian Wheat Lager,czech_republic,0,0,0,0,0
Boltens Ur-Alt,germany,0,8,4.9,1991,amber
Bombay Pale Ale,denmark,0,5/10,6.5,2003,amber
Bons Voeux,belgium,0,12,9.5,1970,blond
Boon Oude Geuze,belgium,0,0,0,0,0
Boon Oude Geuze Mariage Parfait,belgium,0,0,0,0,0
Boont Amber Ale,usa,0,7,5.8,1987,amber
Boreale Blanche,canada,0,0,0,0,0
Borefts Stout,netherlands,0,0,0,0,0
Bourbon County Stout,usa,0,0,0,0,0
Brackie,poland,0,8,5.5,ca. decada 1850,blond
Brains Dark,wales,0,0,0,0,0
Brains SA,wales,0,11,4.2,1958,amber
Brakspear Bitter,england,0,11/13,3.4,2004,amber
Brakspear Triple,england,0,11/13,7.2,2005,amber
BridgePort India Pale Ale,usa,0,10,5.5,1996,amber
BridgePort Old Knucklehead,usa,0,13,9,1989,amber
British Bulldog,england,0,7/10,4.3,2004,amber
Brockton IPA,canada,0,8,6,2009,blond
Brodie’s Prime,england,0,0,0,0,0
Brokat Dark,slovakia,0,0,0,0,0
Brooklyn Lager,usa,0,8/9,5.2,1998,amber
Brooklyn Local 1,usa,0,10,9,2007,blond
Brooklyner-Schneider Hopfen-Weisse,usa,0,0,0,0,0
Brother Thelonious,usa,0,0,0,0,0
Broughton Old Jock Ale,scotland,0,10/12,6.7,1985,amber
Broughton Scottish Oatmeal Stout,scotland,0,0,0,0,0
Brugse Zot,belgium,0,8,6,2005,blond
Brunehaut St. Martin Blonde,belgium,0,7,7,1999,blond
Bud Super Strong,czech_republic,0,8,7.6,1997,blond
Buddy Marvellous,wales,0,11/12,4,1999,amber
Budels Pilsener,netherlands,0,0,0,0,0
Budvar Svetly Lezak,czech_republic,0,0,0,0,0
Budweiser,usa,0,4/5,5,1876,blond
Budweiser Budvar Tmavy Lezak,czech_republic,0,0,0,0,0
Bush Ambree Triple,belgium,0,9/12,12,2008,amber
Butcombe Gold,england,0,10/15,4.7,1998,blond
Caldera IPA,usa,0,10,6.1,1997,amber
Caledonian 80,scotland,0,10,4.1,década de 1870,amber
Cane and Ebel,usa,0,10,7,2006,amber
Cantillon Grand Cru Bruocsella,belgium,0,0,0,0,0
Cantillon Gueuze 100% Lambic Bio,belgium,0,0,0,0,0
Cantillon Iris,belgium,0,0,0,0,0
Cantillon Lou Pepe,belgium,0,0,0,0,0
Cantillon Rose De Gambrinus,belgium,0,0,0,0,0
Cascade Cuvee du Jongleur,belgium,0,0,0,0,0
Cascade Kriek Ale,usa,0,0,0,0,0
Cascade Stout,australia,0,0,0,0,0
CascaZilla,usa,0,8,6.5,2004,amber
Castle Lager,south_africa,0,4/8,5,1895,blond
Castle Milk Stout,south_africa,0,0,0,0,0
Celebration Ale,usa,0,9/13,6.8,1981,amber
Celebrator,germany,0,0,0,0,0
Celis White,usa,0,0,0,0,0
Cerna Hora Granat,czech_republic,0,0,0,0,0
Ch’ti Ambree,france,0,8,5.9,1978,amber
Ch’ti Blonde,france,0,7,6.4,1978,blond
Chang,thailand,0,3/5,6.4,1995,blond
Chimay Bleue,belgium,0,0,0,0,0
Chimay Triple/Chimay Cinq Cents,belgium,0,8,8,1968,blond
Chocarubbica,italy,0,0,0,0,0
Chodovar Zamecky Lezak Special,czech_republic,0,7,5.1,1973,blond
Chouffe N’ice,belgium,0,4/10,10,1998,amber
Christmas Ale,australia,0,8/12,7.5,2005,amber
Christoffel Blond,netherlands,0,7,6,1986,blond
Christoffel Bok,netherlands,0,8 / 10,6.5,2005,amber
Chyne Rauchbier,czech_republic,0,8,4,2007,amber
Cisk Lager,malta,0,5/8,4.2,1928,blond
Clemens Ohne Filter,germany,0,8,5.4,1897,amber
Clotworthy Dobbin,northern_ireland,0,0,0,0,0
Coconut Porter,usa,0,0,0,0,0
Collaboration Not Litigation,usa,0,15,8.7,2007,amber
Combined Harvest,england,0,12,4.7,2001,amber
Commerzienrat Riegele Privat,germany,0,8/9,5.2,1911,blond
Consecration,usa,0,0,0,0,0
Coopers Best Extra Stout,australia,0,0,0,0,0
Coopers Extra Strong Vintage Ale,australia,0,0,0,0,0
Coopers Sparkling Ale,australia,0,4,5.8,1862,blond
Coreff Ambree,france,0,10,5,1985,amber
Cornish Knocker,england,0,12,4.5,1997,amber
Corsendonk Agnus Tripel,belgium,0,10/14,7.5,1982,blond
Cottonwood Pumpkin Spiced Ale,usa,0,0,0,0,0
Coup de Grisou,canada,0,8,5,1989,blond
Cucapa Barley Wine Ale,mexico,0,15,10,2002,amber
Cucapa Chupacabras,mexico,0,7,5.8,2002,amber
Cucapa Clasica,mexico,0,8,4.5,2002,blond
Curieux,usa,0,13,10.5,2004,blond
Cusquena,peru,0,-2 / 2,5,1908,blond
Cusquena Malta,peru,0,0,0,0,0
Cutthroat Porter,usa,0,0,0,0,0
Cuvee de Tomme,usa,0,0,0,0,0
Cuvee des Jonquilles,france,0,10,7,1990,blond
D. Carnegie & Co. Porter,sweden,0,0,0,0,0
Dado Bier Belgian Ale,brazil,0,8 / 12,8.5,2007,blond
Dale’s Pale Ale,usa,0,13,6.5,1998,amber
Dancing Camel Trog Wit,israel,0,0,0,0,0
Dark Force,norway,0,0,0,0,0
Dark Horizon,norway,0,0,0,0,0
Dark Island,scotland,0,0,0,0,0
Dark Lord,usa,0,0,0,0,0
Dau,italy,0,8/10,3.9,2004,amber
De Cam Oude Kriek,belgium,0,0,0,0,0
De Koninck Amber,belgium,0,6/8,5,1930,amber
Dead Guy Ale,usa,0,6/9,6.5,1989,amber
Decadence,usa,0,0,0,0,0
Deep Water Doppelbock Lager,usa,0,0,0,0,0
Delirium Tremens,belgium,0,8,8.5,1989,blond
Demoiselle,brazil,0,0,0,0,0
Demon Hunter,italy,0,8/10,8.5,2006,amber
Derniere Volonte,canada,0,5,6.5,2004,blond
Deuchars IPA,scotland,0,9,4.4,1987,blond
Deus,belgium,0,8,11.5,2000,blond
Devonshire 10’der’,england,0,0,0,0,0
Distelhauser Kristall-Weizen,germany,0,0,0,0,0
Doctor Okell’s IPA,isle_of_man,0,10/13,4.5,2003,blond
Dogbolter Dark Lager,australia,0,0,0,0,0
Dogfish Head World Wide Stout,usa,0,0,0,0,0
Dom Kölsch,germany,0,8,4.8,1894,blond
Domaine DuPage,usa,0,4/7,5.9,2001,amber
Dorothy Goodbody’s Wholesome Stout,england,0,0,0,0,0
Dortmunder Gold,usa,0,2,5.8,1988,blond
Dos Equis XX Amber,mexico,0,4 / 7,4.5,1900,amber
Double Barrel Pale Ale,usa,0,10,5,1996,amber
Double Maxim,england,0,11,4.7,1901,amber
Double Simcoe IPA,usa,0,8,9,2006,amber
Downtown Brown,usa,0,7,5,1991,amber
Draco,italy,0,0,0,0,0
Dragon Stout,jamaica,0,0,0,0,0
Dragonstooth Stout,usa,0,0,0,0,0
Drake’s IPA,usa,0,10,7,2002,amber
Drayman’s Porter,usa,0,0,0,0,0
Dreher Bak,hungary,0,0,0,0,0
Drop Top Amber Ale,usa,0,7,5,2003,amber
Duchesse de Bourgogne,belgium,0,0,0,0,0
Duchmaus Weissbier,czech_republic,0,0,0,0,0
Dunkler Weizenbock,germany,0,0,0,0,0
Dunkles Vollbier,germany,0,8,4.8,1763,amber
Durban Pale Ale,south_africa,0,8,5.1,2007,blond
Duvel,belgium,0,7,8.5,1923,blond
East Street Cream,england,0,10/15,5,1995,amber
Echigo 90 Days Stout,japan,0,0,0,0,0
Echigo Pilsner,japan,0,7,5,1999,blond
Eclipse Imperial Stout,usa,0,0,0,0,0
Edelstoff,germany,0,8,5.6,1927,blond
Edelweiss Gamsbock,austria,0,9,7.1,1997,blond
Eel River Organic Porter,usa,0,0,0,0,0
Efes Pilsen,turkey,0,7/10,5,1969,blond
Eggenberg Dark Lager,czech_republic,0,8,4.3,1993,amber
Eggenberg Pale Lager,czech_republic,0,7,5,1979,blond
Einbecker Mai-Ur-Bock,germany,0,12/14,6.5,1378,amber
Einhundert 100 Bitterpils,austria,0,5,5,2007,blond
Einsiedler Lager Hell,switzerland,0,8,4.5,ca. decada 1930/1040,blond
Eisenbahn Dunkel,brazil,0,0,0,0,0
Eisenbahn Kölsch,brazil,0,3 / 5,4.8,2005,blond
Eisenbahn Pale Ale,brazil,0,3/5,4.8,2002,amber
EKU 28,germany,0,15/18,11,1954,amber
El Toro Negro Oatmeal Stout,usa,0,0,0,0,0
Elephant Beer,denmark,0,7,7.2,1959,amber
Eliscino Kralovske 13°,czech_republic,0,0,0,0,0
Elixir,italy,0,0,0,0,0
Ellie’s Brown Ale,usa,0,10,5.5,1994,amber
Emerson’s Old 95,new_zealand,0,10/12,7,1995,amber
Emerson’s Pilsner,new_zealand,0,6 / 8,5,1995,blond
Enigma,new_zealand,0,0,0,0,0
Ephemere,canada,0,0,0,0,0
Epic Mayhem,new_zealand,0,6,6.2,2006,amber
Erdinger Dunkel,germany,0,0,0,0,0
Erdinger Pikantus,germany,0,0,0,0,0
Erika,italy,0,0,0,0,0
Espresso,england,0,0,0,0,0
Estrella Damm,spain,0,5/7,5.4,1876,blond
Estrella Damm Inedit,spain,0,0,0,0,0
Etoile du Nord,france,0,8/12,4.5,ca. 2003,blond
Exmoor Beast,england,0,0,0,0,0
Exmoor Gold,england,0,9,4.5,1986,blond
Fair Maiden Ale,new_zealand,0,8/10,5.2,2006,amber
Fancy Lawnmower,usa,0,4 / 7,4.7,2000,blond
Fantome Chocolat,belgium,0,0,0,0,0
Farrotta,italy,0,4 / 6,5.7,2005,blond
Farsons Lacto,malta,0,0,0,0,0
Fat Dog Stout,usa,0,0,0,0,0
Fat Tire Amber Ale,usa,0,13,5.3,1991,amber
Faust Krausen,germany,0,8,5.5,1996,blond
Feast Of Fools,usa,0,0,0,0,0
Finlandia Sahti Strong,finland,0,8/10,10,1992,amber
First Harvest Ale,australia,0,8,5.5,2002,amber
Fish Tale Leviathan,usa,0,9/11,10,1995,amber
Flekovsky Tmavy Lezak 13°,czech_republic,0,0,0,0,0
Flensburger Pilsener,germany,0,6 / 8,4.8,1922,blond
Flying Fish Belgian Style Dubbel,usa,0,10,7.2,1997,amber
Flying Fish Exit 11,usa,0,0,0,0,0
Forester Pale Ale,australia,0,8/10,5.5,2005,amber
Formidable,italy,0,15,8,2001,amber
Forst Sixtus,italy,0,0,0,0,0
Founders Breakfast Stout,usa,0,0,0,0,0
Franziskaner Hefe-Weisse,germany,0,0,0,0,0
Fraoch Heather Ale,scotland,0,0,0,0,0
Fred,usa,0,10,10,1997,amber
Freistadter Rotschopf,austria,0,8,5.6,2009,amber
Früh Kölsch,germany,0,8,4.9,1904,blond
Fuchschen Alt,germany,0,8,4.8,1848,amber
Fujizakura Heights Rauch,japan,0,0,0,0,0
Fujizakura Heights Weizen,japan,0,0,0,0,0
Fuller’s ESB,england,0,0,0,0,0
Fuller’s Golden Pride,england,0,12,8.5,1967,amber
Fuller’s London Porter,england,0,0,0,0,0
Fuller’s London Pride,england,0,11/14,4.7,1959,amber
Fuller’s Vintage Ale,england,0,9/10,8.5,1997,amber
Furthermore Knot Stock,usa,0,0,0,0,0
Gale’s Prize Old Ale,england,0,0,0,0,0
Galway Hooker Irish Pale Ale,ireland,0,0,0,0,0
Gambrinus Premium,czech_republic,0,8,5,1869,blond
Garrison Imperial Pale Ale,canada,0,8,7,2007,amber
Gavroche,france,0,10,8.5,1997,amber
Geary’s Pale Ale,usa,0,9,4.5,1986,blond
General Washington’s Tavern Porter,usa,0,0,0,0,0
Genziana,italy,0,0,0,0,0
Ghisa,italy,0,0,0,0,0
Girardin Gueuze 1882,belgium,0,0,0,0,0
Glops Torrada,spain,0,13,4.8,2005,amber
Goedecke’s Dollnitzer Ritterguts Gose,germany,0,0,0,0,0
Göller Kellerbier,germany,0,8,4.9,ca. final dos anos 1980,blond
Gonzo Imperial Porter,usa,0,0,0,0,0
Goose Island India Pale Ale,usa,0,10 / 13,5.9,1993,blond
Gouden Carolus Christmas,belgium,0,0,0,0,0
Gouden Carolus Classic,belgium,0,0,0,0,0
Gouden Carolus Hopsinjoor,belgium,0,9,8,2008,blond
Grand Baltic Porter,canada,0,0,0,0,0
Granite Best Bitter Special,canada,0,13,4.5,1992,amber
Great Lakes Edmund Fitzgerald Porter,usa,0,0,0,0,0
Green Man Stout,new_zealand,0,0,0,0,0
Green Peppercorn Tripel,usa,0,0,0,0,0
Greene King Abbot Ale,england,0,10/13,5,1955,amber
Grolsch Premium Pilsner,netherlands,0,7,5,1897,blond
Grolsch Premium Weizen,netherlands,0,0,0,0,0
Grosak,czech_republic,0,8,6.3,2006,amber
Grottenbier,belgium,0,6/11,6.5,Ca 2000,amber
Gubernijos Ekstra,lithuania,0,8,5.5,2001,blond
Guinness,ireland,0,0,0,0,0
Guinness Foreign Extra,ireland,0,0,0,0,0
Guinness Foreign Extra (Nigeria),nigeria,0,0,0,0,0
Gulden Draak,belgium,0,0,0,0,0
Guldenberg,belgium,0,13,8.5,1994,blond
Gulpener Dort,netherlands,0,7,6.5,1953,amber
Gulpener Korenwolf,netherlands,0,0,0,0,0
Gumballhead,usa,0,0,0,0,0
Gutmann Hefeweizen,germany,0,0,0,0,0
Hacker-Pschorr Hefe Weisse,germany,0,0,0,0,0
Hadmar,austria,0,9,5.2,1994,amber
Hakim Stout,ethiopia,0,0,0,0,0
Hampshire Special Ale,usa,0,10,7,1989,amber
Hanfblute,switzerland,0,8/12,5.2,2000,amber
Hanssens Artisanaal Oude Gueuze,belgium,0,0,0,0,0
Harpoon Munich Dark,usa,0,0,0,0,0
Harvest Pale,england,0,8,4.3,2003,blond
Harvestmoon Schwarz,japan,0,0,0,0,0
Harveys Christmas Ale,england,0,13/18,8.1,1971,amber
Harveys Imperial Extra Double Stout,england,0,0,0,0,0
Haywards 5000,india,0,7 / 9,7,1983,blond
Hef,australia,0,0,0,0,0
Hell or High Watermelon Wheat,usa,0,0,0,0,0
Hemel & Aarde,netherlands,0,0,0,0,0
Hemp Ale,usa,0,0,0,0,0
Hercule Stout,belgium,0,0,0,0,0
Hercules Double IPA,usa,0,10,10,2004,amber
Hereford Pale Ale,england,0,10/12,4,1987,blond
Herold Bohemian Black Lager,czech_republic,0,0,0,0,0
Herold Bohemian Blond,czech_republic,0,7,5.2,ca. 1860,blond
Hertog Jan Grand Prestige,netherlands,0,0,0,0,0
Hibernation Ale,usa,0,13,8.1,1995,amber
Highgate Old Ale,england,0,0,0,0,0
Highland Oatmeal Porter,usa,0,0,0,0,0
Hightail Ale,australia,0,8,4.5,1997,amber
Hitachino Nest Beer White Ale,japan,0,0,0,0,0
Hitachino Nest Beer XH,japan,0,12,8.3,1997,amber
Hobgoblin,england,0,11,4.5,1988,amber
Hobsons Postman’s Knock,england,0,8/10,4.8,2006,amber
Hoegaarden,belgium,0,0,0,0,0
Hoegaarden Grand Cru,belgium,0,6/8,8.5,ca. 1969,blond
Hoepfner Maibock,germany,0,8,6.6,Ca 1920,amber
Hoepfner Porter,germany,0,0,0,0,0
Hofbrau Maibock,germany,0,5/12,7.2,1614,amber
Hoftrol,belgium,0,12,6.2,2005,amber
Hog Heaven,usa,0,13,9.2,1998,amber
Hommelpap,france,0,10/12,7,1994,blond
Honey Dew,england,0,0,0,0,0
Honey Spice Triple,england,0,0,0,0,0
Hook Norton Double Stout,england,0,0,0,0,0
Hop Head,usa,0,10,8.7,2004,blond
Hop Monkey IPA,usa,0,9,6,2008,blond
Hop Rocker,new_zealand,0,2/4,5,2006,blond
Hop Rod Rye,usa,0,10,8,2000,amber
Hop-15,usa,0,0,0,0,0
Hopleaf Extra,malta,0,8/10,5,2006,amber
Houblon Chouffe,belgium,0,6/10,9,2006,blond
Hovels Original,germany,0,7/9,5.5,1893,amber
Huber Weisses Original,germany,0,0,0,0,0
Hue Beer,vietnam,0,8/12,5,1994,blond
Humulus Ludicrous,canada,0,8,8,2007,amber
Huon Dark Ale,australia,0,0,0,0,0
Ichtegem’s Grand Cru,belgium,0,0,0,0,0
Ichtegem’s Oud Bruin,belgium,0,0,0,0,0
iJuba Special,south_africa,0,0,0,0,0
Imperial Pumking,usa,0,0,0,0,0
In-Heat Wheat,usa,0,0,0,0,0
India Pelican Ale,usa,0,7/10,7.5,1997,amber
Innis & Gunn Oak Aged Beer,scotland,0,0,0,0,0
IPA Samuraj,czech_republic,0,9,4.8,2008,amber
Irie,italy,0,8,5,2004,blond
Iron Duke,canada,0,10,6.5,1986,amber
IV Saison,belgium,0,7,6,2007,blond
Iwate Kura Oyster Stout,japan,0,0,0,0,0
J.W. Lees Bitter,england,0,12,4,1828,amber
Jacobsen Saaz Blonde,denmark,0,5/7,7.1,2005,blond
Jacobsen Sommer Wit,denmark,0,0,0,0,0
James Boag’s Premium Lager,australia,0,4,5,1994,blond
James Squire Golden Ale,australia,0,4/7,4.5,2005,amber
James Squire Original Amber Ale,australia,0,7,5,1998,amber
James Squire Pilsener,australia,0,4/7,5,2000,blond
Jamtlands Heaven,sweden,0,0,0,0,0
Jan de Lichte,belgium,0,0,0,0,0
Jenlain Ambree,france,0,6/8,7.5,1968,amber
Jenlain Blonde,france,0,6/8,7.5,2005,blond
Jenlain Noel,france,0,9,6.8,1950,amber
Jennas,italy,0,3,4.9,2006,blond
Jever Pilsener,germany,0,7,4.9,1934,blond
JHB,england,0,11,4.2,1993,blond
Jihlavský Grand,czech_republic,0,7,8,2001,blond
John Barleycorn Barleywine Ale,usa,0,13,9,1991,amber
Jubiler,czech_republic,0,8,7.5,2004,blond
Julebuk,denmark,0,8,6.3,2007,amber
Juniper Pale Ale,usa,0,10,5.3,2001,blond
Kapittel Prior,belgium,0,0,0,0,0
Kapuziner Weissbier,germany,0,0,0,0,0
Karlovačko Svijetlo Pivo,croatia,0,4/6,5.4,1854,blond
Kasteel Cru,france,0,7,5.2,2001,blond
Ke To Re Porter,italy,0,0,0,0,0
King Cobra,belgium,0,8,8,2005,blond
King Pilsner,canada,0,5,4.8,2002,blond
Kinshachi Nagoya Red Miso Lager,japan,0,0,0,0,0
Kirin Ichiban,japan,0,3/5,5,1990,blond
Kiwanda Cream Ale,usa,0,7,5.2,1996,blond
Knappstein Reserve Lager,australia,0,8,5.6,2006,blond
Kneitinger Bock,germany,0,0,0,0,0
Kodiak Brown Ale,usa,0,0,0,0,0
Konig Ludwig Dunkel,germany,0,0,0,0,0
Konig Ludwig Weissbier Hell,germany,0,0,0,0,0
Kostritzer Schwarzbier,germany,0,0,0,0,0
Koutská Desítka,czech_republic,0,7,4,2006,blond
Koutská Nefiltrovaná Dvanáctka,czech_republic,0,7,5,2006,blond
Koutsky Tmavy Special 18°,czech_republic,0,0,0,0,0
Krampus Imperial Helles Lager,usa,0,9,9,2008,amber
Kriek De Ranke,belgium,0,0,0,0,0
Krinitsa Porter,belarus,0,8,8,2008,amber
Krusovice Cerne,czech_republic,0,0,0,0,0
L’Abbaye de Saint Bon-Chien,switzerland,0,0,0,0,0
L’Angelus,france,0,9,7,1988,blond
La Bavaisienne,france,0,9,7,Decada 1980,amber
La Binchoise Speciale Noel,belgium,0,10,9,1993,amber
La Chouffe,belgium,0,8,8,1982,blond
La Choulette Des Sans Culottes,france,0,8,7,1983,blond
La Choulette Framboise,france,0,0,0,0,0
La Folie,usa,0,0,0,0,0
La Gauloise Blonde,belgium,0,5/12,6.3,1994,blond
La Goudale,france,0,10 / 13,7.2,1994,blond
La Grande Blanche,belgium,0,0,0,0,0
La Meule,switzerland,0,0,0,0,0
La Moneuse,belgium,0,6,8,1988,amber
La Mummia,italy,0,0,0,0,0
La Petrognola,italy,0,0,0,0,0
La Roja,usa,0,0,0,0,0
La Rulles Blonde,belgium,0,8/10,7,2000,blond
La Rulles Estivale,belgium,0,6/8,5.2,2004,blond
La Rulles Triple,belgium,0,8/10,8.4,2003,blond
La Semeuse Espresso Stout,switzerland,0,0,0,0,0
La Trappe Blond,netherlands,0,12/16,6.5,1928,blond
La Trappe Dubbel,netherlands,0,12/16,7,1982,amber
Lagunitas Brown Shugga,usa,0,7/10,9.5,1996,amber
Lagunitas Maximus,usa,0,10,7.5,1996,amber
Lagunitas Pils,usa,0,4/7,5.3,1996,blond
Lancaster Milk Stout,usa,0,0,0,0,0
Laurentina Preta,mozambique,0,0,0,0,0
Le Freak,usa,0,13,9.2,2006,blond
Le Merle,usa,0,4/7,7.9,2007,amber
Leafer Madness,usa,0,10,9,2008,amber
Left Hand Milk Stout,usa,0,0,0,0,0
Left Hand Sawtooth Ale,usa,0,12,4.8,1994,amber
Ley Line,italy,0,10/12,5,2005,amber
Liberty Ale,usa,0,0,0,0,0
Liefmans Cuvee-Brut,belgium,0,0,0,0,0
Liefmans Goudenbrand,belgium,0,9/12,8,1956,amber
Ligera,italy,0,6,5,2007,amber
Limfjords Porter,denmark,0,0,0,0,0
Lindeboom Pilsener,netherlands,0,4/6,5,1912,blond
Lion Stout,sri_lanka,0,0,0,0,0
Lipan Světly Ležák,czech_republic,0,7,5,1998,blond
Little Creatures Pale Ale,australia,0,6,5.2,2000,amber
Little Korkny Ale,denmark,0,10/12,12.25,2006,amber
Little Scotney Pale Ale,england,0,12,4,2004,amber
Łomża Export,poland,0,8,5.7,1968,blond
Longfellow Winter Ale,usa,0,0,0,0,0
Löwen Bräu Bartholomäus Festbier,germany,0,8,5,2006,blond
Mackeson Stout,england,0,0,0,0,0
MacKroken Flower,canada,0,0,0,0,0
Mad Elf Ale,usa,0,11,11,2002,amber
Mad Hatter,usa,0,2/3,5.25,1998,amber
Magic Hat #9,usa,0,7,4.6,1995,blond
Magnumus Ete Tomahawkus ESB,usa,0,10,8,2006,amber
Mahou Negra,spain,0,0,0,0,0
Mahr’s Der Weisse Bock,germany,0,0,0,0,0
Maingold Landbier,germany,0,8,5.4,1846,blond
Maisel’s Weisse,germany,0,0,0,0,0
Malheur 10,belgium,0,10,10,1999,blond
Malheur 12,belgium,0,0,0,0,0
Malheur Bière Brut,belgium,0,7,11,2000,blond
Malheur Dark Brut,belgium,0,0,0,0,0
Mamma Mia! Pizza Beer,usa,0,0,0,0,0
Mammoth,new_zealand,0,12/14,7,1990,amber
Manns Brown Ale,england,0,0,0,0,0
Maredsous 10,belgium,0,8,10,1963,amber
Maredsous 8,belgium,0,0,0,0,0
Martha’s Mild,england,0,0,0,0,0
Marzen,germany,0,8,5.5,1949,amber
Marzen Export Eiszapfle,germany,0,8/10,5.6,ca. seculo 19,amber
Master Polotmavy,czech_republic,0,8,5.2,2007,amber
Mata Artesian,new_zealand,0,4/6,5,2005,blond
Matilda,usa,0,5,7,2005,blond
Maudite,canada,0,8,8,1993,amber
Maxlrainer Jubilator,germany,0,0,0,0,0
Mc Chouffe,belgium,0,0,0,0,0
McNally’s Extra Ale,canada,0,10,7,1986,amber
Meantime Coffee Porter,england,0,0,0,0,0
Meantime India Pale Ale,england,0,8/12,7.5,2005,amber
Meantime London Pale Ale,england,0,10,4.7,2007,amber
Meantime London Porter,england,0,0,0,0,0
Meantime London Stout,england,0,0,0,0,0
Meta Beer,ethiopia,0,7/10,5,1963,blond
Meteor Pils,france,0,6,5,1927,blond
Mexicali,mexico,0,0/4,5,1923,blond
Midas Touch,usa,0,0,0,0,0
Midnight Sun,scotland,0,0,0,0,0
Midtfyns Imperial Stout,denmark,0,0,0,0,0
Mikkeller Beer Geek Breakfast,denmark,0,0,0,0,0
Mikkeller Black,denmark,0,0,0,0,0
Mikkeller From To,denmark,0,0,0,0,0
Mill Street Coffee Porter,canada,0,0,0,0,0
Minoh Double IPA,japan,0,10/13,9,Ca 2006,amber
Mitchell’s ESB,canada,0,10,5.2,1984,amber
Mitchells 90/-,south_africa,0,13,5,1990,amber
Moa Original,new_zealand,0,6,5.5,2003,blond
Moinette Blonde,belgium,0,10,8.5,1955,blond
Monk’s Café Flemish Sour Ale,belgium,0,0,0,0,0
Montestella,italy,0,8,4.9,1996,blond
Moo Brew Pilsner,australia,0,4,5,2005,blond
Moonraker,england,0,0,0,0,0
Moonshine,australia,0,0,0,0,0
Moorhouse’s Black Cat,england,0,0,0,0,0
Moose Drool Brown Ale,usa,0,13,5.3,1995,amber
Morrissey Fox Blonde,england,0,7/9,4.2,2008,blond
Mothership Wit,usa,0,0,0,0,0
Motor Oil,italy,0,0,0,0,0
Murphy’s Irish Stout,ireland,0,0,0,0,0
Murray’s Best Extra Porter,australia,0,0,0,0,0
Mythos Red,greece,0,4/6,5.5,2007,amber
Napa Smith Wheat Beer,usa,0,0,0,0,0
Naturperle,switzerland,0,8/10,5.2,1996,blond
Negra Modelo,mexico,0,10,5.4,1926,amber
Neumarkter Lammsbrau Urstoff,germany,0,8,4.7,1963,blond
Newcastle Brown Ale,england,0,11,4.7,1927,amber
Nightmare,england,0,0,0,0,0
Niksicko Tamno,montenegro,0,0,0,0,0
Nils Oscar God Lager,sweden,0,8/10,5.3,1997,blond
Nils Oscar Imperial Stout,sweden,0,0,0,0,0
Nils Oscar Kalasol,sweden,0,10/14,5.2,1997,amber
Nils Oscar Rokporter,sweden,0,0,0,0,0
Nivura,italy,0,10/12,6.5,2004,amber
Nogne O Imperial Stout,norway,0,10/12,6.5,1993,amber
Nor’wester,new_zealand,0,0,0,0,0
Nora,italy,0,0,0,0,0
Norwegian Wood,norway,0,0,0,0,0
Nostradamus,belgium,0,10/15,9.5,1993,amber
Nottingham Extra Pale Ale,england,0,0,0,0,0
O’Hanlon’s Port Stout,england,0,0,0,0,0
O’Hara’s Irish Red,ireland,0,0,0,0,0
O’Hara’s Irish Stout,ireland,0,10,4.3,1998,amber
Oak Aged Yeti Imperial Stout,usa,0,0,0,0,0
Oatis Oatmeal Stout,usa,0,0,0,0,0
Obliteration V,usa,0,5,8.2,2009,amber
Odell IPA,usa,0,0,0,0,0
Oerbier,belgium,0,12,9,1980,amber
Oerbier Special Reserva,belgium,0,14,13,2002,amber
Okell’s Mac Lir,isle_of_man,0,0,0,0,0
Okells Aile Smoked Celtic Porter,isle_of_man,0,0,0,0,0
Okocim Mocne,poland,0,4/7,7,ca inicio do seculo 20,amber
Ola Dubh,scotland,0,0,0,0,0
Old Boardhead Barleywine Ale,usa,0,7,9,1990,amber
Old Crustacean,usa,0,10,11.5,1998,amber
Old Empire,england,0,0,0,0,0
Old Engine Oil,scotland,0,0,0,0,0
Old Foghorn,usa,0,9,8.8,1975,amber
Old Freddy Walker,england,0,0,0,0,0
Old Hooky,england,0,11,4.6,Ca 1900,amber
Old No. 38 Stout,usa,0,0,0,0,0
Old Peculier,england,0,0,0,0,0
Old Rasputin Russian Imperial Stout,usa,0,0,0,0,0
Old Slug Porter,england,0,0,0,0,0
Old Stock Ale,usa,0,13,12.5,2002,amber
Old Thumper Extra Special Ale,usa,0,10,5.9,1994,amber
Old Tom Strong Ale,england,0,0,0,0,0
Olde Deuteronomy Barleywine,canada,0,13,10,1995,amber
Olivaria Beloe Zoloto,belarus,0,0,0,0,0
Olivaria Porter,belarus,0,0,0,0,0
OMB Copper,usa,0,6,4.8,2009,amber
Ommegang Abbey Ale,usa,0,0,0,0,0
Opat Bitter,czech_republic,0,0,0,0,0
Oppale,italy,0,0,0,0,0
Optimator,germany,0,0,0,0,0
Orchard White,usa,0,0,0,0,0
Original Alt,germany,0,0,0,0,0
Oro de Calabaza,usa,0,0,0,0,0
Orval,belgium,0,7/10,6.2,1932,amber
Ostfriesenbrau Landbier Dunkel,germany,0,8,4.8,1999,amber
Ostravar Premium,czech_republic,0,0,0,0,0
Otley O1,wales,0,0,0,0,0
Otley O8,wales,0,0,0,0,0
Otter Head,england,0,12,5.8,1991,amber
Oud Beersel Oude Geuze,belgium,0,0,0,0,0
Our Special Ale,usa,0,0,0,0,0
Ozeno Yukidoke IPA,japan,0,0,0,0,0
P.I.L.S.,italy,0,0,0,0,0
Pabst Blue Ribbon,usa,0,0,0,0,0
Pale Rider,england,0,0,0,0,0
Palliser Porter,canada,0,0,0,0,0
Palm,belgium,0,12/14,5.4,1904,amber
Panil Barriquee Sour,italy,0,0,0,0,0
Panil Enhanced,italy,0,0,0,0,0
Pannepot,belgium,0,0,0,0,0
Paradox,scotland,0,0,0,0,0
Pardubicky Porter,czech_republic,0,0,0,0,0
Paulaner Nockherberger,germany,0,0,0,0,0
Paulaner Salvator,germany,0,7/12,7.9,1773,amber
Pauwel Kwak,belgium,0,10,8,Decada 1980,amber
Pedigree,england,0,11/13,4.5,1952,amber
Pendle Witches Brew,england,0,11,5.1,1982,amber
Perla Chmielowa,poland,0,0,0,0,0
Petrus Aged Pale,belgium,0,0,0,0,0
Petrus Oud Bruin,belgium,0,0,0,0,0
Phillips Original IPA,canada,0,0,0,0,0
Pickla Pils,sweden,0,0,0,0,0
Pietra,france,0,7,6,1996,amber
Pike IPA,usa,0,0,0,0,0
Pike Monk’s Uncle Tripel Ale,usa,0,0,0,0,0
Pikeland Pils,usa,0,0,0,0,0
Pilsner Urquell,czech_republic,0,0,0,0,0
Pinkus Special,germany,0,0,0,0,0
Piraat,belgium,0,8,10.5,1986,amber
Plevna Imperial Stout Siperia,finland,0,0,0,0,0
Pliny the Elder,usa,0,0,0,0,0
Point Reyes Porter,usa,0,0,0,0,0
Poperings Hommel Bier,belgium,0,0,0,0,0
Porterhouse Oyster Stout,ireland,0,0,0,0,0
Potsdamer Stange,germany,0,0,0,0,0
Premier Cru,france,0,8,6,1997,amber
Primator Double 24%,czech_republic,0,0,0,0,0
Primator Exklusiv 16%,czech_republic,0,7,7.5,1996,amber
Primator Polotmavy 13%,czech_republic,0,8,5.5,2005,amber
Primator Weizenbier,czech_republic,0,0,0,0,0
Prime Max,south_korea,0,0,0,0,0
Prinz,japan,0,0,0,0,0
Propeller Extra Special Bitter,canada,0,10,5,1997,amber
Propeller IPA,canada,0,8,6.5,2005,amber
Proper Job,england,0,0,0,0,0
Pullman Brown Ale,usa,0,0,0,0,0
Punk IPA,scotland,0,0,0,0,0
Pure Hoppiness,usa,0,10,8,2000,amber
Quarta Runa,italy,0,0,0,0,0
Racer 5,usa,0,0,0,0,0
Raison D’Etre,usa,0,0,0,0,0
Rajah,italy,0,6/8,5.2,2006,amber
Raven Stout,south_africa,0,0,0,0,0
Re Ale,italy,0,12/14,6.4,2005,amber
Red Duck Porter,australia,0,0,0,0,0
Red MacGregor,scotland,0,10,4,1996,amber
Red Poppy Ale,usa,0,0,0,0,0
Red Stripe,jamaica,0,0,0,0,0
Redoak Baltic Porter,australia,0,0,0,0,0
Redoak Framboise Froment,australia,0,0,0,0,0
Redoak Special Reserve,australia,0,0,0,0,0
Reissdorf Kolsch,germany,0,0,0,0,0
Rejewvenator,usa,0,9,7.8,2008,amber
Reserva,spain,0,0,0,0,0
Richter Cerny Special 14°,czech_republic,0,0,0,0,0
Ridgeway Foreign Export Stout,england,0,0,0,0,0
Riedenburger Historisches Emmer Bier,germany,0,0,0,0,0
Riegele’s Weisse,germany,0,0,0,0,0
Riggwelter,england,0,11,5.7,1995,amber
Rip Tide,scotland,0,0,0,0,0
Ripper,england,0,0,0,0,0
Rising Sun Pale Ale,japan,0,8/12,5,2001,amber
Ritterbock,germany,0,0,0,0,0
Robert the Bruce,usa,0,0,0,0,0
Rodenbach,belgium,0,0,0,0,0
Rodenbach Grand Cru,belgium,0,0,0,0,0
Rogers’ Beer,australia,0,4,3.8,2001,amber
Rogue Mocha Porter,usa,0,0,0,0,0
Roisin,scotland,0,0,0,0,0
Rosee d’Hibiscus,canada,0,0,0,0,0
Rothaus Hefe Weizen,germany,0,0,0,0,0
Route des Epices,canada,0,0,0,0,0
Royal Extra Stout,trinidad_tobago,0,0,0,0,0
Ryan O’Sullivan’s Imperial Stout,usa,0,0,0,0,0
Rychtar Premium,czech_republic,0,0,0,0,0
S’muttonator,usa,0,0,0,0,0
Sacramento Russian Imperial Stout,usa,0,0,0,0,0
Sagres Bohemia,portugal,0,9,6.2,2005,amber
Sagres Preta,portugal,0,0,0,0,0
Saint Arnold Summer Pils,usa,0,0,0,0,0
Saison Athene,usa,0,0,0,0,0
Saison D’Erpe-Mere,belgium,0,0,0,0,0
Saison de Pipaix,belgium,0,0,0,0,0
Saison Dupont,belgium,0,0,0,0,0
Saison Rue,usa,0,10,8.5,2008,amber
Saison Voisin,belgium,0,12,5,2001,amber
Saison-Brett,usa,0,0,0,0,0
Sakara Gold,egypt,0,0,0,0,0
Saku Porter,estonia,0,0,0,0,0
Sam Adams Utopias,usa,0,0,0,0,0
Samichlaus Bier,austria,0,10,14,1979,amber
Samson Budweiser Bier Premium,czech_republic,0,0,0,0,0
Samuel Adams Boston Lager,usa,0,5,4.9,1985,amber
Samuel Adams Double Bock,usa,0,7,9.5,1988,amber
Samuel Adams Irish Red,usa,0,5,5.5,2007,amber
Samuel Smith’s Imperial Stout,england,0,0,0,0,0
Samuel Smith’s Nut Brown Ale,england,0,13,5,Ca 1900,amber
Samuel Smith’s Old Brewery Pale Ale,england,0,11,5,Ca 1980,amber
Samuel Smith’s Taddy Porter,england,0,0,0,0,0
Sankt Gallen Yokohama XPA,japan,0,0,0,0,0
Sara,belgium,0,0,0,0,0
Sarah Hughes Dark Ruby,england,0,0,0,0,0
Sarajevsko Pivo,bosnia_herzegovina,0,0,0,0,0
Schaazer Kronabier,germany,0,8,5.1,1837,amber
Schaazer Rogg’n,germany,0,0,0,0,0
Schell Pilsner,usa,0,0,0,0,0
Schiehallion,scotland,0,0,0,0,0
Schimmele,germany,0,0,0,0,0
Schlagl Doppel Bock,austria,0,10,8.3,1580,amber
Schlappeseppel Export,germany,0,0,0,0,0
Schmaltz’s Alt,usa,0,8,4.6,1938,amber
Schneider Weisse,germany,0,0,0,0,0
Schumacher Alt,germany,0,0,0,0,0
Schwarzer Kristall,switzerland,0,0,0,0,0
Schwechater Zwickl,austria,0,0,0,0,0
Scotch Ale,australia,0,8/12,5.8,2005,amber
Scotch Silly,belgium,0,8,8,1919,amber
Sella del Diavolo,italy,0,12,6.5,2006,amber
Session Lager,usa,0,0,0,0,0
Sexual Chocolate,usa,0,0,0,0,0
Shakespeare Stout,usa,0,0,0,0,0
Shangrila,italy,0,0,0,0,0
Sharps Doom Bar,england,0,12,4.3,1995,amber
Shepherd Neame 1698,england,0,9/11,10.5,1998(relançada 2005),amber
Shiga Kogen IPA,japan,0,0,0,0,0
Shipyard IPA,usa,0,10,5.9,1997,amber
Shonan Liebe,japan,0,0,0,0,0
Siamese Twin Ale,usa,0,0,0,0,0
Sierra Nevada Bigfoot Barleywine Style Ale,usa,0,13/16,10.4,1982,amber
Sierra Nevada Harvest,usa,0,19/10,6.7,1996,amber
Sierra Nevada Kellerweis Hefeweizen,usa,0,0,0,0,0
Sierra Nevada Pale Ale,usa,0,0,0,0,0
Sinebrychoff Porter,finland,0,0,0,0,0
Singha,thailand,0,0,0,0,0
Skull Splitter,scotland,0,13,8.5,1988,amber
Small Craft Warning,usa,0,0,0,0,0
Smokin’ Bishop,new_zealand,0,0,0,0,0
Sneck Lifter,england,0,11,5.1,1990,amber
Snow Cap,usa,0,13,7,1986,amber
Snowdonia Ale,wales,0,0,0,0,0
Southampton Double White,usa,0,0,0,0,0
Southwark Old Stout,australia,0,0,0,0,0
Special De Ryck,belgium,0,6,5.5,1920,amber
Speedway Stout,usa,0,0,0,0,0
Spezial Rauchbier,germany,0,8,4.7,1550,amber
Sprecher Hefe Weiss,usa,0,0,0,0,0
St. Bernardus Abt 12,belgium,0,0,0,0,0
St. Bernardus Tripel,belgium,0,0,0,0,0
St. Bernardus Wit,belgium,0,0,0,0,0
St. Nikolaus Bock Bier,usa,0,0,0,0,0
St. Peter’s Cream Stout,england,0,0,0,0,0
St. Peter’s Fruit Beer,england,0,0,0,0,0
St.-Ambroise Oatmeal Stout,canada,0,0,0,0,0
St.-Ambroise Pale Ale,canada,0,0,0,0,0
St.-Feuillien Triple,belgium,0,0,0,0,0
Staropramen Granat,czech_republic,0,9,5,1884,amber
Stepan Pale Lager,czech_republic,0,0,0,0,0
Stern-Brau Festbier,germany,0,8/10,5.5,2004,amber
Stiegl Goldbrau,austria,0,0,0,0,0
Stille Nacht,belgium,0,0,0,0,0
Stolichno Bock,bulgaria,0,0,0,0,0
Stone & Wood Pale Lager,australia,0,0,0,0,0
Stone IPA,usa,0,0,0,0,0
Stone Ruination IPA,usa,0,0,0,0,0
Stone Smoked Porter,usa,0,0,0,0,0
Stonecutter,new_zealand,0,10/12,7,2005,amber
Stoner,italy,0,0,0,0,0
Stortebeker Schwarzbier,germany,0,0,0,0,0
Stoudt’s Pils,usa,0,0,0,0,0
Stouterik,belgium,0,0,0,0,0
Strong Suffolk Vintage Ale,england,0,0,0,0,0
Strzelec Jasne Pelne,poland,0,0,0,0,0
Strzelec Mocne,poland,0,10,7,1995,amber
Styrian Ale,austria,0,10,6.2,2005,amber
Summer Lightning,england,0,0,0,0,0
Super Bock Stout,portugal,0,0,0,0,0
Super Vintage,japan,0,0,0,0,0
Supplication,usa,0,0,0,0,0
Surly Coffee Bender,usa,0,0,0,0,0
Surly Furious,usa,0,10,6.2,2006,amber
Survival “7-Grain” Stout,usa,0,0,0,0,0
Sussex Best Bitter,england,0,12/13,4,1955,amber
Svijansky Rytir,czech_republic,0,0,0,0,0
Svyturys Baltas,lithuania,0,0,0,0,0
Svyturys Ekstra,lithuania,0,0,0,0,0
T’Owd Tup,england,0,0,0,0,0
Tanglefoot,england,0,11,5,Ca 1985,amber
Tannenzapfle,germany,0,0,0,0,0
Taras Boulba,belgium,0,0,0,0,0
Taybeh Beer Golden,palestine,0,0,0,0,0
Tegernseer Spezial,germany,0,0,0,0,0
Temptation,usa,0,0,0,0,0
Terrapin Rye Pale Ale,usa,0,0,0,0,0
Terrible,canada,0,0,0,0,0
The Abyss,usa,0,0,0,0,0
The Dissident,usa,0,0,0,0,0
The Duck-Rabbit Baltic Porter,usa,0,0,0,0,0
The Duck-Rabbit Milk Stout,usa,0,0,0,0,0
The Maharaja Imperial India Pale Ale,usa,0,10,8,2006,amber
The Poet,usa,0,0,0,0,0
The Vine,usa,0,0,0,0,0
The Wise ESB,usa,0,10,5.9,1997,amber
Theresianer Strong Ale,italy,0,12,8.5,1999,amber
Thomas Hardy’s Ale,england,0,13/18,11.7,1968,amber
Thornbridge Alliance,england,0,0,0,0,0
Thornbridge Bracia,england,0,0,0,0,0
Thornbridge Jaipur,england,0,0,0,0,0
Thornbridge Kipling,england,0,0,0,0,0
Thornbridge Saint Petersburg,england,0,0,0,0,0
Three Boys Wheat,new_zealand,0,0,0,0,0
Three Philosophers,usa,0,0,0,0,0
Tickle Brain,england,0,13,8,2006,amber
Tiger Beer,singapore,0,0,0,0,0
Tijuana Morena,mexico,0,4/7,4.8,2000,amber
Timmermans Framboise Lambic,belgium,0,0,0,0,0
Timothy Taylor’s Landlord,england,0,11/14,4.3,1953,amber
Tipopils,italy,0,0,0,0,0
Tirana,albania,0,0,0,0,0
Titan IPA,usa,0,0,0,0,0
Tokyo Black,japan,0,0,0,0,0
Tokyo*,scotland,0,0,0,0,0
Tomislav Pivo,croatia,0,0,0,0,0
Tommyknocker Butthead,usa,0,7,8.2,1995,amber
Tonneke,belgium,0,9,4.8,1920,amber
Torpedo Extra IPA,usa,0,9/10,7.2,2009,amber
Tosta,italy,0,0,0,0,0
Trade Winds,scotland,0,0,0,0,0
Trappistes Rochefort 10,belgium,0,0,0,0,0
Traquair House Ale,scotland,0,12/15,7.2,1965,amber
Traquair Jacobite Ale,scotland,0,0,0,0,0
Tribute,england,0,11/13,4.2,1999,amber
Tricerahops Double IPA,usa,0,0,0,0,0
Tripel de Ripple,usa,0,0,0,0,0
Tripel Karmeliet,belgium,0,0,0,0,0
Triple 22,austria,0,12,9.5,2007,amber
Troegenator Double Bock,usa,0,8,8.2,2002,amber
Trois Dames IPA,switzerland,0,0,0,0,0
Trois Pistoles,canada,0,0,0,0,0
Troobacz,czech_republic,0,0,0,0,0
Trumer Pils,austria,0,0,0,0,0
Tsingtao,china,0,0,0,0,0
Tuatara Indian Pale Ale,new_zealand,0,8/10,5,2002,amber
Turbodog,usa,0,0,0,0,0
Tusker Lager,kenya,0,0,0,0,0
Tusker Malt Lager,kenya,0,0,0,0,0
Two Hearted Ale,usa,0,0,0,0,0
Two Jokers Double Wit,usa,0,0,0,0,0
Uerige Alt,germany,0,8,4.7,1862,amber
Uerige DoppelSticke,germany,0,0,0,0,0
Uff-Da,usa,0,0,0,0,0
Ulmer Maibock,germany,0,17/10,7.3,1893,amber
Ulrichsbier,germany,0,8,5.3,1911,amber
Unertl Weissbier,germany,0,0,0,0,0
Union,england,0,8,4.9,2000,amber
Union Jack IPA,usa,0,0,0,0,0
Union Temno Pivo,slovenia,0,0,0,0,0
Upstream Gueuze-Lambic,usa,0,0,0,0,0
Urbock 23,austria,0,0,0,0,0
Ursus Black,romania,0,0,0,0,0
Urthel Hop-It,belgium,0,0,0,0,0
Urthel Samaranth,belgium,0,10/12,11.5,2002,amber
Utenos Alus,lithuania,0,0,0,0,0
Utenos Porteris,lithuania,0,0,0,0,0
V Cense,belgium,0,7,7,2008,amber
Vapeur en Folie,belgium,0,0,0,0,0
Velkopopovicky Kozel,czech_republic,0,0,0,0,0
Veltins,germany,0,0,0,0,0
Vendelin Svetly Lezak,czech_republic,0,0,0,0,0
Verdi Imperial Stout,italy,0,0,0,0,0
Via Emilia,italy,0,0,0,0,0
Victory Golden Monkey,usa,0,0,0,0,0
Victory HopDevil,usa,0,0,0,0,0
Victory Prima Pils,usa,0,0,0,0,0
Victory Storm King Imperial Stout,usa,0,0,0,0,0
Villa Pola Soci’s Schwartz,italy,0,0,0,0,0
Voll-Damm,spain,0,0,0,0,0
Vollmond Bier,switzerland,0,0,0,0,0
Wadadli,antigua,0,0,0,0,0
Wadworth 6X,england,0,11/13,4.3,1928,amber
Wailing Wench,usa,0,10,8,2003,amber
Waldhaus Diplom Pils,germany,0,0,0,0,0
Wartmann’s No. 2 Bitter Ale,switzerland,0,0,0,0,0
Weihenstephaner Hefeweissbier,germany,0,0,0,0,0
Weihenstephaner Pilsner,germany,0,0,0,0,0
Weihenstephaner Vitus,germany,0,0,0,0,0
Weissbier Etalon,ukraine,0,0,0,0,0
Wells Banana Bread Beer,england,0,0,0,0,0
Wells Bombardier,england,0,10/12,5.2,1980,amber
Weltenburger Barock Hell,germany,0,0,0,0,0
Weltenburger Kloster Asam Bock,germany,0,0,0,0,0
Weltenburger Kloster Barock Dunkel,germany,0,0,0,0,0
West Coast India Pale Ale,usa,0,0,0,0,0
Westmalle Trappist Tripel,belgium,0,0,0,0,0
Westvleteren Abt 12°,belgium,0,12,10.2,Ca 1941,amber
Wheat Wine Ale,usa,0,0,0,0,0
Widmer Hefeweizen,usa,0,0,0,0,0
Wild Hare,england,0,0,0,0,0
Wild Rose Cherry Porter,canada,0,0,0,0,0
Windhoek Lager,namibia,0,0,0,0,0
Winter Humbug’r,usa,0,0,0,0,0
Wisconsin Belgian Red,usa,0,0,0,0,0
Witkap-Pater Dubbel,belgium,0,8/10,7,1929,amber
Witkap-Pater Stimulo,belgium,0,0,0,0,0
Wodan,germany,0,10/12,7.5,1898,amber
Woodforde’s Headcracker,england,0,0,0,0,0
Woodforde’s Wherry,england,0,11,3.8,1981,amber
Worthington’s White Shield,england,0,10/12,5.6,ca decada 1920,amber
Wrasslers XXXX Stout,ireland,0,0,0,0,0
X-Beer 33°,czech_republic,0,15,12.6,2005,amber
Xingu Black Beer,brazil,0,0,0,0,0
XS: Imperial India Pale Ale,usa,0,7/10,9.2,1996,amber
XS: Imperial Stout,usa,0,0,0,0,0
XX Bitter,belgium,0,0,0,0,0
Xyauyu,italy,0,0,0,0,0
Yankee,england,0,0,0,0,0
Yona Yona Ale,japan,0,0,0,0,0
Yorkshire Stingo,england,0,11,8,2008,amber
Young’s Special London Ale,england,0,0,0,0,0
Ysprid y Ddraig,wales,0,0,0,0,0
Yuengling Dark Brewed Porter,usa,0,0,0,0,0
Zamberecky Kanec Imperial Stout,czech_republic,0,0,0,0,0
Zatec,czech_republic,0,0,0,0,0
Zatec Xantho,czech_republic,0,0,0,0,0
Zhujiang Beer,china,0,0,0,0,0
Zinnebir,belgium,0,0,0,0,0
Zlaty Bazant 12%,slovakia,0,0,0,0,0
Zonker Stout,usa,0,0,0,0,0
Zvikovsky Rarasek,czech_republic,0,0,0,0,0
Zywiec,poland,0,0,0,0,0
Zywiec Porter,poland,0,0,0,0,0
